"","SNP1","rsID.1","MAF1","SNP2","rsID.2","MAF2","P.value","Beta","minGCC","Gene","Probe","EIID","EID"
"1","2:218046715","rs1478590",0.10589651022864,"14:69666638","rs10132344",0.106024096385542,9.17423e-52,0.27799,1,"ASS1","9:132310134","null_339_6338","null_339"
"2","2:218046715","rs1478590",0.10589651022864,"14:69666638","rs10132344",0.106024096385542,1.23221e-14,0.15446,1,"RHOBTB1","10:62373868","null_339_6338","null_339"
"3","2:218046715","rs1478590",0.10589651022864,"14:69666638","rs10132344",0.106024096385542,8.17951e-21,0.15456,1,"DZIP3","3:109896160","null_339_6338","null_339"
"4","2:218046715","rs1478590",0.10589651022864,"14:69666638","rs10132344",0.106024096385542,4.12558e-15,0.12473,1,"FAM90A2P","8:7104545","null_339_6338","null_339"
"5","2:218046715","rs1478590",0.10589651022864,"14:69666638","rs10132344",0.106024096385542,1.73002e-24,0.21471,1,"GLP1R","6:39163079","null_339_6338","null_339"
"6","2:218046715","rs1478590",0.10589651022864,"14:69666638","rs10132344",0.106024096385542,1.40395e-30,0.19707,1,"TXNRD2","22:18299943","null_339_6338","null_339"
"7","2:218046715","rs1478590",0.10589651022864,"14:69666638","rs10132344",0.106024096385542,1.28894e-39,0.43519,1,"CSHL1","17:59341967","null_339_6338","null_339"
"8","2:218046715","rs1478590",0.10589651022864,"14:69666638","rs10132344",0.106024096385542,8.17521e-17,0.1293,1,"NCOR2","12:123377955","null_339_6338","null_339"
"9","2:218046715","rs1478590",0.10589651022864,"14:69666638","rs10132344",0.106024096385542,4.96163e-15,0.13203,1,"NUDT4P1","1:143848976","null_339_6338","null_339"
"10","2:218046715","rs1478590",0.10589651022864,"14:69666638","rs10132344",0.106024096385542,1.52079e-27,0.17366,1,"C1orf200","1:9637055","null_339_6338","null_339"
"11","5:152896308","rs10041179",0.065081351689612,"6:80265632","rs9294148",0.0660493827160494,2.63002e-23,-0.56363,0,"ITK","5:156614448","null_357_4752","null_357"
"12","5:152896308","rs10041179",0.065081351689612,"6:80265632","rs9294148",0.0660493827160494,1.45788e-26,0.53062,0,"CREB3L2","7:137210715","null_357_4752","null_357"
"13","5:152896308","rs10041179",0.065081351689612,"6:80265632","rs9294148",0.0660493827160494,8.0161e-18,0.55139,0,"FAIM3","1:205144550","null_357_4752","null_357"
"14","5:152896308","rs10041179",0.065081351689612,"6:80265632","rs9294148",0.0660493827160494,4.62167e-14,0.34265,0,"SHMT2","12:55914669","null_357_4752","null_357"
"15","5:152896308","rs10041179",0.065081351689612,"6:80265632","rs9294148",0.0660493827160494,2.17039e-11,0.27925,0,"LOC441408","9:46689960","null_357_4752","null_357"
"16","5:152896308","rs10041179",0.065081351689612,"6:80265632","rs9294148",0.0660493827160494,4.72724e-11,0.42745,0,"C9orf45","9:124911698","null_357_4752","null_357"
"17","5:152896308","rs10041179",0.065081351689612,"6:80265632","rs9294148",0.0660493827160494,8.53169e-50,0.94151,0,"TEAD2","19:54535779","null_357_4752","null_357"
"18","5:152896308","rs10041179",0.065081351689612,"6:80265632","rs9294148",0.0660493827160494,1.53933e-19,0.45837,0,"GLO1","6:38752139","null_357_4752","null_357"
"19","5:152896308","rs10041179",0.065081351689612,"6:80265632","rs9294148",0.0660493827160494,1.07431e-16,0.4356,0,"ECOP","7:55507185","null_357_4752","null_357"
"20","5:152896308","rs10041179",0.065081351689612,"6:80265632","rs9294148",0.0660493827160494,4.60186e-11,0.38686,0,"STS-1","11:122190247","null_357_4752","null_357"
"21","5:152896308","rs10041179",0.065081351689612,"6:80265632","rs9294148",0.0660493827160494,2.33347e-18,0.35309,0,"WNT3","17:42196988","null_357_4752","null_357"
"22","5:152896308","rs10041179",0.065081351689612,"6:80265632","rs9294148",0.0660493827160494,6.38852e-22,0.63093,0,"ARID5B","10:63526263","null_357_4752","null_357"
"23","5:152896308","rs10041179",0.065081351689612,"6:80265632","rs9294148",0.0660493827160494,1.67137e-31,0.50509,0,"EGR2","10:64242090","null_357_4752","null_357"
"24","5:152896308","rs10041179",0.065081351689612,"6:80265632","rs9294148",0.0660493827160494,7.56026e-25,0.5474,0,"LRMP","12:25152225","null_357_4752","null_357"
"25","5:152896308","rs10041179",0.065081351689612,"6:80265632","rs9294148",0.0660493827160494,2.00274e-110,1.21436,0,"KIAA0672","17:12835495","null_357_4752","null_357"
"26","5:152896308","rs10041179",0.065081351689612,"6:80265632","rs9294148",0.0660493827160494,8.45475e-17,0.37532,0,"KIAA1407","3:115166080","null_357_4752","null_357"
"27","5:152896308","rs10041179",0.065081351689612,"6:80265632","rs9294148",0.0660493827160494,6.25234e-13,0.44084,0,"VIL2","6:159106859","null_357_4752","null_357"
"28","5:152896308","rs10041179",0.065081351689612,"6:80265632","rs9294148",0.0660493827160494,1.63472e-11,0.61315,0,"FCRL2","1:155982443","null_357_4752","null_357"
"29","5:152896308","rs10041179",0.065081351689612,"6:80265632","rs9294148",0.0660493827160494,2.35232e-13,0.36737,0,"SIAH1","16:46952618","null_357_4752","null_357"
"30","5:152896308","rs10041179",0.065081351689612,"6:80265632","rs9294148",0.0660493827160494,4.57428e-18,0.49744,0,"COL9A2","1:40538963","null_357_4752","null_357"
"31","5:152896308","rs10041179",0.065081351689612,"6:80265632","rs9294148",0.0660493827160494,7.09339e-36,0.59923,0,"FMOD","1:201576664","null_357_4752","null_357"
"32","5:152896308","rs10041179",0.065081351689612,"6:80265632","rs9294148",0.0660493827160494,1.76562e-30,0.55925,0,"GPT2","16:45522597","null_357_4752","null_357"
"33","5:152896308","rs10041179",0.065081351689612,"6:80265632","rs9294148",0.0660493827160494,2.59512e-18,0.42025,0,"STARD7","2:96214684","null_357_4752","null_357"
"34","5:152896308","rs10041179",0.065081351689612,"6:80265632","rs9294148",0.0660493827160494,1.01147e-25,0.60533,0,"FCRL5","1:155750161","null_357_4752","null_357"
"35","5:152896308","rs10041179",0.065081351689612,"6:80265632","rs9294148",0.0660493827160494,4.04325e-12,0.58798,0,"MCOLN2","1:85164094","null_357_4752","null_357"
"36","5:152896308","rs10041179",0.065081351689612,"6:80265632","rs9294148",0.0660493827160494,2.78135e-15,0.27257,0,"FILIP1L","3:101050072","null_357_4752","null_357"
"37","5:152896308","rs10041179",0.065081351689612,"6:80265632","rs9294148",0.0660493827160494,8.11743e-12,0.33668,0,"FAM3C","7:120776997","null_357_4752","null_357"
"38","5:152896308","rs10041179",0.065081351689612,"6:80265632","rs9294148",0.0660493827160494,5.1888e-23,0.69991,0,"RASGRP3","2:33642941","null_357_4752","null_357"
"39","5:152896308","rs10041179",0.065081351689612,"6:80265632","rs9294148",0.0660493827160494,3.31331e-15,0.30358,0,"ZBTB32","19:40899652","null_357_4752","null_357"
"40","5:152896308","rs10041179",0.065081351689612,"6:80265632","rs9294148",0.0660493827160494,7.61709e-19,0.34317,0,"IGSF3","1:116918916","null_357_4752","null_357"
"41","5:152896308","rs10041179",0.065081351689612,"6:80265632","rs9294148",0.0660493827160494,3.05138e-28,0.48079,0,"PIGR","1:205168794","null_357_4752","null_357"
"42","5:152896308","rs10041179",0.065081351689612,"6:80265632","rs9294148",0.0660493827160494,1.94827e-19,0.35719,0,"HS3ST1","4:11009243","null_357_4752","null_357"
"43","5:152896308","rs10041179",0.065081351689612,"6:80265632","rs9294148",0.0660493827160494,3.32185e-31,0.56449,0,"IGFBP4","17:35867284","null_357_4752","null_357"
"44","5:152896308","rs10041179",0.065081351689612,"6:80265632","rs9294148",0.0660493827160494,1.78598e-71,1.28791,0,"APOD","3:196777220","null_357_4752","null_357"
"45","5:152896308","rs10041179",0.065081351689612,"6:80265632","rs9294148",0.0660493827160494,1.70347e-22,0.43956,0,"CTLA4","2:204444355","null_357_4752","null_357"
"46","5:152896308","rs10041179",0.065081351689612,"6:80265632","rs9294148",0.0660493827160494,1.09068e-38,0.55283,0,"ABCA6","17:64588814","null_357_4752","null_357"
"47","5:152896308","rs10041179",0.065081351689612,"6:80265632","rs9294148",0.0660493827160494,3.64963e-11,0.37503,0,"PLCG2","16:80549161","null_357_4752","null_357"
"48","5:152896308","rs10041179",0.065081351689612,"6:80265632","rs9294148",0.0660493827160494,5.45193e-37,0.50279,0,"MIST","4:10101193","null_357_4752","null_357"
"49","5:152896308","rs10041179",0.065081351689612,"6:80265632","rs9294148",0.0660493827160494,1.80187e-11,0.41702,0,"SGCE","7:94066091","null_357_4752","null_357"
"50","5:152896308","rs10041179",0.065081351689612,"6:80265632","rs9294148",0.0660493827160494,3.17011e-11,0.26537,0,"C20orf117","20:34839446","null_357_4752","null_357"
"51","3:25307427","rs322673",0.26413881748072,"13:79204571","rs2329119",0.419975932611312,4.0713e-11,-0.13963,9,"DUSP1","5:172128082","null_974_3900","null_974"
